adresse,formation,lycee,region_avant,region_apres,cinq_km_avant,cinq_km_apres,page_inchangee
/tne,2nde-transitions-numerique-et-energetique-tne,0932119Y,16727,18154,1468,1576,True
/mnb,2nde-etudes-et-modelisation-numerique-du-batiment-emnb,0932119Y,36185,38489,3773,4335,True
/mama,2nde-agencement-menuiserie-et-ameublement-mama,0932119Y,5554,5573,628,631,True
/iccer,bac-pro-installateur-en-chauffage-climatisation-et-energies-,0932119Y,8574,9544,777,838,True
/mee,bac-pro-maintenance-et-efficacite-energetique,0932119Y,8574,9544,777,838,True
/tma,bac-pro-technicien-menuisier-agenceur,0932119Y,5297,5299,601,601,True
/era,bac-pro-etude-et-realisation-d-agencement,0932119Y,5297,5299,601,601,True
/eeb,bac-pro-technicien-d-etudes-du-batiment-option-a-etudes-et-e,0932119Y,34368,36621,3683,4242,True
/geometre,bac-pro-geometre,0932119Y,19326,21621,1394,1955,True
/mit,cap-monteur-en-installations-thermiques,0932119Y,8223,8429,758,777,True
/sdg,cap-signaletique-et-decors-graphiques,0932119Y,5627,5654,786,786,True
/ebeniste,cap-ebeniste,0932119Y,5297,5299,601,601,True
/bma-ebeniste,bma-ebeniste,0932119Y,5554,5573,628,631,True
/bma-signaletique,bma-arts-graphiques-option-signaletique,0932119Y,5627,5654,786,786,True
/ma,bac-pro-technicien-menuisier-agenceur,0932119Y,5297,5299,601,601,True
