clé historique,clé nationale,formation,secteurs inchangés
bac-pro-accompagnement-soins-et-services-a-la-personne,bac-pro-accompagnement-soins-et-services-a-la-personne,"Bac pro Accompagnement, soins et services à la personne",True
bac-pro-amenagement-et-finition-du-batiment,bac-pro-amenagement-et-finition-du-batiment,Bac pro Aménagement et finition du bâtiment,True
bac-pro-amenagements-paysagers,bac-pro-amenagements-paysagers,Bac pro Aménagements paysagers,True
bac-pro-animation-enfance-et-personnes-agees,bac-pro-animation-enfance-et-personnes-agees,Bac pro Animation-enfance et personnes âgées,True
bac-pro-artisanat-et-metiers-d-art-option-communication-visu,bac-pro-artisanat-et-metiers-d-art-option-communication-visu,Bac pro Artisanat et métiers d'art option communication visuelle plurimédia,True
bac-pro-artisanat-et-metiers-d-art-option-marchandisage-visu,bac-pro-artisanat-et-metiers-d-art-option-marchandisage-visu,Bac pro Artisanat et métiers d'art option marchandisage visuel,True
bac-pro-artisanat-et-metiers-d-art-option-metiers-de-l-ensei,bac-pro-artisanat-et-metiers-d-art-option-metiers-de-l-ensei,Bac pro Artisanat et métiers d'art option métiers de l'enseigne et de la signalétique,True
bac-pro-artisanat-et-metiers-d-art-option-tapissier-d-ameubl,bac-pro-artisanat-et-metiers-d-art-option-tapissier-d-ameubl,Bac pro Artisanat et métiers d'art option tapissier d'ameublement,True
bac-pro-artisanat-et-metiers-d-art-option-verrerie-scientifi,bac-pro-artisanat-et-metiers-d-art-option-verrerie-scientifi,Bac pro Artisanat et métiers d'art option verrerie scientifique et technique,True
bac-pro-assistance-a-la-gestion-des-organisations-et-de-leur,bac-pro-assistance-a-la-gestion-des-organisations-et-de-leur,Bac pro Assistance à la gestion des organisations et de leurs activités,True
bac-pro-aviation-generale,bac-pro-aviation-generale,Bac pro Aviation générale,True
bac-pro-aeronautique-option-avionique,bac-pro-aeronautique-option-avionique,Bac pro Aéronautique option avionique,True
bac-pro-aeronautique-option-structure,bac-pro-aeronautique-option-structure,Bac pro Aéronautique option structure,True
bac-pro-aeronautique-option-systemes,bac-pro-aeronautique-option-systemes,Bac pro Aéronautique option systèmes,True
bac-pro-boulanger-patissier,bac-pro-boulanger-patissier,Bac pro Boulanger-pâtissier,True
bac-pro-carrossier-peintre-automobile,bac-pro-carrossier-peintre-automobile,Bac pro Carrossier peintre automobile,True
bac-pro-commercialisation-et-services-en-restauration,bac-pro-commercialisation-et-services-en-restauration,Bac pro Commercialisation et services en restauration,True
bac-pro-conducteur-routier-de-marchandises,bac-pro-conducteur-routier-de-marchandises,Bac pro Conducteur routier de marchandises,True
bac-pro-conduite-de-productions-horticoles-arbres-arbustes-f,bac-pro-conduite-de-productions-horticoles-arbres-arbustes-f,"Bac pro Conduite de productions horticoles (arbres, arbustes, fruits, fleurs, légumes)",True
bac-pro-construction-et-amenagement-de-vehicules,bac-pro-construction-et-amenagement-de-vehicules,Bac pro Construction et aménagement de véhicules,True
bac-pro-cuisine,bac-pro-cuisine,Bac pro Cuisine,True
bac-pro-cybersecurite-informatique-et-reseaux-electronique,bac-pro-cybersecurite-informatique-et-reseaux-electronique,"Bac pro Cybersécurité, informatique et réseaux, électronique",True
bac-pro-esthetique-cosmetique-parfumerie,bac-pro-esthetique-cosmetique-parfumerie,Bac pro Esthétique cosmétique parfumerie,True
bac-pro-faconnage-de-produits-imprimes-routage,bac-pro-faconnage-de-produits-imprimes-routage,"Bac pro Façonnage de produits imprimés, routage",True
bac-pro-gestion-des-pollutions-et-protection-de-l-environnem,bac-pro-gestion-des-pollutions-et-protection-de-l-environnem,Bac pro Gestion des pollutions et protection de l'environnement,True
bac-pro-geometre,bac-pro-geometre,Bac pro Géomètre,True
bac-pro-hygiene-proprete-sterilisation,bac-pro-hygiene-proprete-sterilisation,"Bac pro Hygiène, propreté, stérilisation",True
bac-pro-installateur-en-chauffage-climatisation-et-energies-,bac-pro-installateur-en-chauffage-climatisation-et-energies-,"Bac pro Installateur en chauffage, climatisation et énergies renouvelables",True
bac-pro-interventions-sur-le-patrimoine-bati-option-a-maconn,bac-pro-interventions-sur-le-patrimoine-bati-option-a-maconn,Bac pro Interventions sur le patrimoine bâti option A maçonnerie,True
bac-pro-interventions-sur-le-patrimoine-bati-option-c-couver,bac-pro-interventions-sur-le-patrimoine-bati-option-c-couver,Bac pro Interventions sur le patrimoine bâti option C couverture,True
bac-pro-laboratoire-controle-qualite,bac-pro-laboratoire-controle-qualite,Bac pro Laboratoire contrôle qualité,True
bac-pro-maintenance-des-materiels-option-a-materiels-agricol,bac-pro-maintenance-des-materiels-option-a-materiels-agricol,Bac pro Maintenance des matériels option A matériels agricoles,True
bac-pro-maintenance-des-materiels-option-b-materiels-de-cons,bac-pro-maintenance-des-materiels-option-b-materiels-de-cons,Bac pro Maintenance des matériels option B matériels de construction et de manutention,True
bac-pro-maintenance-des-materiels-option-c-materiels-d-espac,bac-pro-maintenance-des-materiels-option-c-materiels-d-espac,Bac pro Maintenance des matériels option C matériels d'espaces verts,True
bac-pro-maintenance-des-systemes-de-production-connectes,bac-pro-maintenance-des-systemes-de-production-connectes,Bac pro Maintenance des systèmes de production connectés,True
bac-pro-maintenance-des-vehicules-option-motocycles,bac-pro-maintenance-des-vehicules-option-motocycles,Bac pro Maintenance des véhicules option motocycles,True
bac-pro-maintenance-des-vehicules-option-vehicules-de-transp,bac-pro-maintenance-des-vehicules-option-vehicules-de-transp,Bac pro Maintenance des véhicules option véhicules de transport routier,True
bac-pro-maintenance-des-vehicules-option-vehicules-legers,bac-pro-maintenance-des-vehicules-option-vehicules-legers,Bac pro Maintenance des véhicules option véhicules légers,True
bac-pro-maintenance-et-efficacite-energetique,bac-pro-maintenance-et-efficacite-energetique,Bac pro Maintenance et efficacité énergétique,True
bac-pro-maintenance-nautique,bac-pro-maintenance-nautique,Bac pro Maintenance nautique,True
bac-pro-menuiserie-aluminium-verre,bac-pro-menuiserie-aluminium-verre,Bac pro Menuiserie aluminium-verre,True
bac-pro-microtechniques,bac-pro-microtechniques,Bac pro Microtechniques,True
bac-pro-modelisation-et-prototypage-3d,bac-pro-modelisation-et-prototypage-3d,Bac pro Modélisation et prototypage 3D,True
bac-pro-metiers-de-l-accueil,bac-pro-metiers-de-l-accueil,Bac pro Métiers de l'accueil,True
bac-pro-metiers-de-l-electricite-et-de-ses-environnements-co,bac-pro-metiers-de-l-electricite-et-de-ses-environnements-co,Bac pro Métiers de l'électricité et de ses environnements connectés,True
bac-pro-metiers-de-la-coiffure,bac-pro-metiers-de-la-coiffure,Bac pro Métiers de la coiffure,True
bac-pro-metiers-de-la-couture-et-de-la-confection,bac-pro-metiers-de-la-couture-et-de-la-confection,Bac pro Métiers de la couture et de la confection,True
bac-pro-metiers-de-la-logistique,bac-pro-metiers-de-la-logistique,Bac pro Métiers de la logistique,True
bac-pro-metiers-de-la-securite,bac-pro-metiers-de-la-securite,Bac pro Métiers de la sécurité,True
bac-pro-metiers-du-commerce-et-de-la-vente-option-a-animatio,bac-pro-metiers-du-commerce-et-de-la-vente-option-a-animatio,Bac pro Métiers du commerce et de la vente option A animation et gestion de l'espace commercial,True
bac-pro-metiers-du-commerce-et-de-la-vente-option-b-prospect,bac-pro-metiers-du-commerce-et-de-la-vente-option-b-prospect,Bac pro Métiers du commerce et de la vente option B prospection clientèle et valorisation de l'offre commerciale,True
bac-pro-metiers-du-cuir-option-maroquinerie,bac-pro-metiers-du-cuir-option-maroquinerie,Bac pro Métiers du cuir option maroquinerie,True
bac-pro-metiers-du-froid-et-des-energies-renouvelables,bac-pro-metiers-du-froid-et-des-energies-renouvelables,Bac pro Métiers du froid et des énergies renouvelables,True
bac-pro-optique-lunetterie,bac-pro-optique-lunetterie,Bac pro Optique lunetterie,True
bac-pro-organisation-de-transport-de-marchandises,bac-pro-organisation-de-transport-de-marchandises,Bac pro Organisation de transport de marchandises,True
bac-pro-organisation-et-realisation-du-gros-oeuvre,bac-pro-organisation-et-realisation-du-gros-oeuvre,Bac pro Organisation et réalisation du gros oeuvre,True
bac-pro-ouvrages-du-batiment-metallerie,bac-pro-ouvrages-du-batiment-metallerie,Bac pro Ouvrages du bâtiment : métallerie,True
bac-pro-perruquier-posticheur,bac-pro-perruquier-posticheur,Bac pro Perruquier posticheur,True
bac-pro-photographie,bac-pro-photographie,Bac pro Photographie,True
bac-pro-pilote-de-ligne-de-production,bac-pro-pilote-de-ligne-de-production,Bac pro Pilote de ligne de production,True
bac-pro-procedes-de-la-chimie-de-l-eau-et-des-papiers-carton,bac-pro-procedes-de-la-chimie-de-l-eau-et-des-papiers-carton,"Bac pro Procédés de la chimie, de l'eau et des papiers-cartons",True
bac-pro-production-en-industries-pharmaceutiques-alimentaire,bac-pro-production-en-industries-pharmaceutiques-alimentaire,"Bac pro Production en industries pharmaceutiques, alimentaires et cosmétiques",True
bac-pro-realisation-de-produits-imprimes-et-plurimedia-optio,bac-pro-realisation-de-produits-imprimes-et-plurimedia-option-a-productions-graphiques,Bac pro Réalisation de produits imprimés et plurimédia option A productions graphiques,True
bac-pro-technicien-conseil-vente-en-alimentation-produits-al,bac-pro-technicien-conseil-vente-en-alimentation-produits-al,Bac pro Technicien conseil vente en alimentation (produits alimentaires et boissons),True
bac-pro-technicien-conseil-vente-univers-jardinerie,bac-pro-technicien-conseil-vente-univers-jardinerie,Bac pro Technicien conseil vente univers jardinerie,True
bac-pro-technicien-constructeur-bois,bac-pro-technicien-constructeur-bois,Bac pro Technicien constructeur bois,True
bac-pro-technicien-d-etudes-du-batiment-option-a-etudes-et-e,bac-pro-technicien-d-etudes-du-batiment-option-a-etudes-et-e,Bac pro Technicien d'études du bâtiment option A études et économie,True
bac-pro-technicien-d-etudes-du-batiment-option-b-assistant-e,bac-pro-technicien-d-etudes-du-batiment-option-b-assistant-e,Bac pro Technicien d'études du bâtiment option B assistant en architecture,True
bac-pro-technicien-de-fabrication-bois-et-materiaux-associes,bac-pro-technicien-de-fabrication-bois-et-materiaux-associes,Bac pro Technicien de fabrication bois et matériaux associés,True
bac-pro-technicien-en-appareillage-orthopedique,bac-pro-technicien-en-appareillage-orthopedique,Bac pro Technicien en appareillage orthopédique,True
bac-pro-technicien-en-chaudronnerie-industrielle,bac-pro-technicien-en-chaudronnerie-industrielle,Bac pro Technicien en chaudronnerie industrielle,True
bac-pro-technicien-en-prothese-dentaire,bac-pro-technicien-en-prothese-dentaire,Bac pro Technicien en prothèse dentaire,True
bac-pro-technicien-en-realisation-de-produits-mecaniques-opt,bac-pro-technicien-en-realisation-de-produits-mecaniques-option-realisation-et-maintenance-des-outillages,Bac pro Technicien en réalisation de produits mécaniques option réalisation et maintenance des outillages,True
bac-pro-technicien-menuisier-agenceur,bac-pro-technicien-menuisier-agenceur,Bac pro Technicien menuisier agenceur,True
bac-pro-technicien-modeleur,bac-pro-technicien-modeleur,Bac pro Technicien modeleur,True
bac-pro-traitements-des-materiaux,bac-pro-traitements-des-materiaux,Bac pro Traitements des matériaux,True
bac-pro-travaux-publics,bac-pro-travaux-publics,Bac pro Travaux publics,True
bac-pro-etude-et-realisation-d-agencement,bac-pro-etude-et-realisation-d-agencement,Bac pro Étude et réalisation d'agencement,True
cap-accessoiriste-realisateur,cap-accessoiriste-realisateur,CAP Accessoiriste réalisateur,True
cap-accompagnant-educatif-petite-enfance,cap-accompagnant-educatif-petite-enfance,CAP Accompagnant éducatif petite enfance,True
cap-agent-accompagnant-au-grand-age,cap-agent-accompagnant-au-grand-age,CAP Agent accompagnant au grand âge,True
cap-agent-de-la-qualite-de-l-eau,cap-agent-de-la-qualite-de-l-eau,CAP Agent de la qualité de l'eau,True
cap-agent-de-securite,cap-agent-de-securite,CAP Agent de sécurité,True
cap-art-et-techniques-de-la-bijouterie-joaillerie-option-bij,cap-art-et-techniques-de-la-bijouterie-joaillerie-option-bijouterie-sertissage,CAP Art et techniques de la bijouterie-joaillerie option bijouterie sertissage,True
cap-art-et-techniques-de-la-bijouterie-joaillerie-option-pol,cap-art-et-techniques-de-la-bijouterie-joaillerie-option-pol,CAP Art et techniques de la bijouterie-joaillerie option polissage finition,True
cap-arts-de-la-broderie,cap-arts-de-la-broderie,CAP Arts de la broderie,True
cap-arts-de-la-reliure,cap-arts-de-la-reliure,CAP Arts de la reliure,True
cap-arts-et-techniques-du-verre-option-decorateur-sur-verre,cap-arts-et-techniques-du-verre-option-decorateur-sur-verre,CAP Arts et techniques du verre option décorateur sur verre,True
cap-arts-et-techniques-du-verre-option-vitrailliste,cap-arts-et-techniques-du-verre-option-vitrailliste,CAP Arts et techniques du verre option vitrailliste,True
cap-aeronautique-option-avionique,cap-aeronautique-option-avionique,CAP Aéronautique option avionique,True
cap-boulanger,cap-boulanger,CAP Boulanger,True
cap-bronzier-option-a-monteur-en-bronze,cap-bronzier-option-a-monteur-en-bronze,CAP Bronzier option A monteur en bronze,True
cap-carreleur-mosaiste,cap-carreleur-mosaiste,CAP Carreleur mosaïste,True
cap-carrossier-automobile,cap-carrossier-automobile,CAP Carrossier automobile,True
cap-charpentier-bois,cap-charpentier-bois,CAP Charpentier bois,True
cap-chocolaterie-confiserie,cap-chocolaterie-confiserie,CAP Chocolaterie-confiserie,True
cap-commercialisation-et-services-en-hotel-cafe-restaurant,cap-commercialisation-et-services-en-hotel-cafe-restaurant,CAP Commercialisation et services en hôtel-café-restaurant,True
cap-conducteur-agent-d-accueil-en-autobus-et-autocar,cap-conducteur-agent-d-accueil-en-autobus-et-autocar,CAP Conducteur agent d'accueil en autobus et autocar,True
cap-conducteur-d-engins-de-travaux-publics-et-carrieres,cap-conducteur-d-engins-de-travaux-publics-et-carrieres,CAP Conducteur d'engins de travaux publics et carrières,True
cap-conducteur-d-installations-de-production,cap-conducteur-d-installations-de-production,CAP Conducteur d'installations de production,True
cap-conducteur-routier-de-marchandises-option-livraisons-de-,cap-conducteur-routier-de-marchandises-option-livraisons-de-,CAP Conducteur routier de marchandises option livraisons de proximité,True
cap-conducteur-routier-de-marchandises-option-livraisons-lon,cap-conducteur-routier-de-marchandises-option-livraisons-lon,CAP Conducteur routier de marchandises option livraisons longue distance,True
cap-constructeur-de-routes-et-d-amenagements-urbains,cap-constructeur-de-routes-et-d-amenagements-urbains,CAP Constructeur de routes et d'aménagements urbains,True
cap-constructeur-de-reseaux-de-canalisations-de-travaux-publ,cap-constructeur-de-reseaux-de-canalisations-de-travaux-publ,CAP Constructeur de réseaux de canalisations de travaux publics,True
cap-cordonnerie-multiservice,cap-cordonnerie-multiservice,CAP Cordonnerie multiservice,True
cap-couvreur,cap-couvreur,CAP Couvreur,True
cap-cremier-fromager,cap-cremier-fromager,CAP Crémier-fromager,True
cap-cuisine,cap-cuisine,CAP Cuisine,True
cap-decoration-en-ceramique,cap-decoration-en-ceramique,CAP Décoration en céramique,True
cap-esthetique-cosmetique-parfumerie,cap-esthetique-cosmetique-parfumerie,CAP Esthétique cosmétique parfumerie,True
cap-ferronnier-d-art,cap-ferronnier-d-art,CAP Ferronnier d'art,True
cap-fleuriste,cap-fleuriste,CAP Fleuriste,True
cap-fourrure,cap-fourrure,CAP Fourrure,True
cap-horlogerie,cap-horlogerie,CAP Horlogerie,True
cap-industries-chimiques,cap-industries-chimiques,CAP Industries chimiques,True
cap-installateur-en-froid-et-conditionnement-d-air,cap-installateur-en-froid-et-conditionnement-d-air,CAP Installateur en froid et conditionnement d'air,True
cap-interventions-en-maintenance-technique-des-batiments,cap-interventions-en-maintenance-technique-des-batiments,CAP Interventions en maintenance technique des bâtiments,True
cap-maintenance-des-materiels-option-a-materiels-agricoles,cap-maintenance-des-materiels-option-a-materiels-agricoles,CAP Maintenance des matériels option A matériels agricoles,True
cap-maintenance-des-materiels-option-b-materiels-de-construc,cap-maintenance-des-materiels-option-b-materiels-de-construc,CAP Maintenance des matériels option B matériels de construction et de manutention,True
cap-maintenance-des-materiels-option-c-materiels-d-espaces-v,cap-maintenance-des-materiels-option-c-materiels-d-espaces-v,CAP Maintenance des matériels option C matériels d'espaces verts,True
cap-maintenance-des-vehicules-option-motocycles,cap-maintenance-des-vehicules-option-motocycles,CAP Maintenance des véhicules option motocycles,True
cap-maintenance-des-vehicules-option-vehicules-de-transport-,cap-maintenance-des-vehicules-option-vehicules-de-transport-,CAP Maintenance des véhicules option véhicules de transport routier,True
cap-maintenance-des-vehicules-option-vehicules-legers,cap-maintenance-des-vehicules-option-vehicules-legers,CAP Maintenance des véhicules option véhicules légers,True
cap-mareyage,cap-mareyage,CAP Mareyage,True
cap-maroquinerie,cap-maroquinerie,CAP Maroquinerie,True
cap-macon,cap-macon,CAP Maçon,True
cap-menuisier-aluminium-verre,cap-menuisier-aluminium-verre,CAP Menuisier aluminium-verre,True
cap-menuisier-fabricant,cap-menuisier-fabricant,CAP Menuisier fabricant,True
cap-menuisier-installateur,cap-menuisier-installateur,CAP Menuisier installateur,True
cap-modeles-et-moules-ceramiques,cap-modeles-et-moules-ceramiques,CAP Modèles et moules céramiques,True
cap-monteur-en-installations-sanitaires,cap-monteur-en-installations-sanitaires,CAP Monteur en installations sanitaires,True
cap-monteur-en-installations-thermiques,cap-monteur-en-installations-thermiques,CAP Monteur en installations thermiques,True
cap-metallier,cap-metallier,CAP Métallier,True
cap-metiers-de-l-enseigne-et-de-la-signaletique,cap-metiers-de-l-enseigne-et-de-la-signaletique,CAP Métiers de l'enseigne et de la signalétique,True
cap-metiers-de-l-entretien-des-textiles-option-a-blanchisser,cap-metiers-de-l-entretien-des-textiles-option-a-blanchisser,CAP Métiers de l'entretien des textiles option A blanchisserie,True
cap-metiers-de-l-entretien-des-textiles-option-b-pressing,cap-metiers-de-l-entretien-des-textiles-option-b-pressing,CAP Métiers de l'entretien des textiles option B pressing,True
cap-metiers-de-l-usinage,cap-metiers-de-l-usinage,CAP Métiers de l'usinage,True
cap-metiers-de-la-coiffure,cap-metiers-de-la-coiffure,CAP Métiers de la coiffure,True
cap-metiers-de-la-mode-chapelier-modiste,cap-metiers-de-la-mode-chapelier-modiste,CAP Métiers de la mode - chapelier-modiste,True
cap-metiers-de-la-mode-vetement-flou,cap-metiers-de-la-mode-vetement-flou,CAP Métiers de la mode - vêtement flou,True
cap-metiers-de-la-mode-vetement-tailleur,cap-metiers-de-la-mode-vetement-tailleur,CAP Métiers de la mode - vêtement tailleur,True
cap-operateur-en-appareillage-orthopedique-specialite-orthop,cap-operateur-en-appareillage-orthopedique-specialite-orthop,CAP Opérateur en appareillage orthopédique-spécialité orthoprothèse,True
cap-operateur-en-appareillage-orthopedique-specialite-podo-o,cap-operateur-en-appareillage-orthopedique-specialite-podo-o,CAP Opérateur en appareillage orthopédique-spécialité podo-orthèse,True
cap-operateur-operatrice-logistique,cap-operateur-operatrice-logistique,"CAP Opérateur, opératrice logistique",True
cap-peintre-applicateur-de-revetements,cap-peintre-applicateur-de-revetements,CAP Peintre applicateur de revêtements,True
cap-peintre-automobile,cap-peintre-automobile,CAP Peintre automobile,True
cap-production-et-service-en-restaurations-rapide-collective,cap-production-et-service-en-restaurations-rapide-collective,"CAP Production et service en restaurations (rapide, collective, cafétéria)",True
cap-proprete-et-prevention-des-biocontaminations,cap-proprete-et-prevention-des-biocontaminations,CAP Propreté et prévention des biocontaminations,True
cap-patissier,cap-patissier,CAP Pâtissier,True
cap-realisations-industrielles-en-chaudronnerie-ou-soudage-o,cap-realisations-industrielles-en-chaudronnerie-ou-soudage-option-a-chaudronnerie,CAP Réalisations industrielles en chaudronnerie ou soudage option A chaudronnerie,True
cap-signaletique-et-decors-graphiques,cap-signaletique-et-decors-graphiques,CAP Signalétique et décors graphiques,True
cap-souffleur-de-verre-option-verrerie-scientifique,cap-souffleur-de-verre-option-verrerie-scientifique,CAP Souffleur de verre option verrerie scientifique,True
cap-staffeur-ornemaniste,cap-staffeur-ornemaniste,CAP Staffeur ornemaniste,True
cap-serigraphie-industrielle,cap-serigraphie-industrielle,CAP Sérigraphie industrielle,True
cap-tailleur-de-pierre,cap-tailleur-de-pierre,CAP Tailleur de pierre,True
cap-tournage-en-ceramique,cap-tournage-en-ceramique,CAP Tournage en céramique,True
cap-valorisation-des-matieres-et-proprete-des-espaces-urbain,cap-valorisation-des-matieres-et-proprete-des-espaces-urbain,CAP Valorisation des matières et propreté des espaces urbains,True
cap-vetement-de-peau,cap-vetement-de-peau,CAP Vêtement de peau,True
cap-ebeniste,cap-ebeniste,CAP Ébéniste,True
cap-electricien,cap-electricien,CAP Électricien,True
cap-equipier-polyvalent-du-commerce,cap-equipier-polyvalent-du-commerce,CAP Équipier polyvalent du commerce,True
capa-jardinier-paysagiste,capa-jardinier-paysagiste,CAPa Jardinier-paysagiste,True
capa-metiers-de-l-agriculture,capa-metiers-de-l-agriculture,CAPa Métiers de l'agriculture,True
capa-services-aux-personnes-et-vente-en-espace-rural,capa-services-aux-personnes-et-vente-en-espace-rural,CAPa Services aux personnes et vente en espace rural,True
2nde-transitions-numerique-et-energetique-tne,2nde-transitions-numerique-et-energetique-tne,2nde pro Transitions numérique et énergétique (TNE),True
2nde-etudes-et-modelisation-numerique-du-batiment-emnb,2nde-etudes-et-modelisation-numerique-du-batiment-emnb,2nde pro Études et modélisation numérique du bâtiment (EMNB),True
2nde-agencement-menuiserie-et-ameublement-mama,2nde-agencement-menuiserie-et-ameublement-mama,"2nde pro Agencement, menuiserie et ameublement (MAMA)",True
2nde-construction-durable-batiment-et-travaux-publics,2nde-construction-durable-batiment-et-travaux-publics,"2nde pro Construction durable, bâtiment et travaux publics",True
2nde-gestion-administrative-transport-et-logistique-gatl,2nde-gestion-administrative-transport-et-logistique-gatl,"2nde pro Gestion administrative, transport et logistique (GATL)",True
2nde-relation-client-mrc,2nde-relation-client-mrc,2nde pro Relation client (MRC),True
2nde-hotellerie-restauration,2nde-hotellerie-restauration,2nde pro Hôtellerie-restauration,True
2nde-alimentation,2nde-alimentation,2nde pro Alimentation,True
2nde-beaute-et-bien-etre,2nde-beaute-et-bien-etre,2nde pro Beauté et bien-être,True
2nde-maintenance-des-materiels-et-des-vehicules,2nde-maintenance-des-materiels-et-des-vehicules,2nde pro Maintenance des matériels et des véhicules,True
2nde-realisation-d-ensembles-mecaniques-et-industriels-mremi,2nde-realisation-d-ensembles-mecaniques-et-industriels-mremi,2nde pro Réalisation d'ensembles mécaniques et industriels (MREMI),True
2nde-pilotage-et-maintenance-d-installations-automatisees-pm,2nde-pilotage-et-maintenance-d-installations-automatisees-pm,2nde pro Pilotage et maintenance d'installations automatisées (PMIA),True
2nde-industries-graphiques-et-communication,2nde-industries-graphiques-et-communication,2nde pro Industries graphiques et communication,True
2nde-aeronautique,2nde-aeronautique,2nde pro Aéronautique,True
bma-ebeniste,bma-ebeniste,BMA Ébéniste,True
bma-arts-graphiques-option-signaletique,bma-arts-graphiques-option-signaletique,BMA Arts graphiques option signalétique,True
